event_name,start_time,end_time,full_address,city,registration_url,registration_status,registration_type,ticket_types,capacity,attendees_shown,event_format,description,extras,tags,image_url,source_domain,categories
Mount Elbert Climb,,,,,https://lu.ma/f2objzva,,,,,,,"Finishing ethDenver strong, we will be climbing the tallest peach in the rocky mountains : Mount. Elbert.

â€‹

â€‹14,433 feet Peak elevation.
5,000 feet elevation gain
8.5hours up and down
12.3 Miles RT trail length
2.2hours drive from Denver

We'll take the traditional winter route on the East Ridge of Colorado's highest peak. The road to the 2WD South Elbert Trailhead and parking area is paved and kept clear. There are no bathrooms at this trailhead. The first couple of miles of this route involve walking up the 4WD road to reach the summer, 4WD trailhead.

â€‹Nearly 15 miles roundtrip for the day. While this route is a fairly gradual and gentle slope, don't under estimate the effort. We are still looking at nearly 5,000 vertical feet in elevation gain.

Depending on snowpack snowshoes may be advisable for less Post-Holing. Of coarse it is winter and Colorado is windy so make sure to be extra warm, windproof, snow proof. Last snow report was 29inches deep.

For anyone that does not have mountaineering experience we'll ask you to buddy up with someone that does. Never any shame in turning back we are here for the nature.

We will do one climb right before ethDenver right after.
Link to climb before ethDenver --> https://lu.ma/dyx3vy8o",,,,lu.ma,Mountain / Retreat / Outdoor Activity
CEX Listing: Token Self-Scaling,,,,,https://lu.ma/ece063bx,,,,,,,"Learn how to turn your tokenâ€™s marketing spend into a demand-driving powerhouse. If your marketing generates more demand for your tokens, than tokens spent for marketing, youâ€™ve unlocked an unlimited, self-scaling marketing budget to reach out the wast CEXes audience.

â€‹Discover how to:

â€‹â€¢ Leverage LATOKENâ€™s Airdrop Platform: Engage your community to share creative content about your token across social media and drive organic growth.

â€‹â€¢ Target the audience with sector-specific LATOKEN launchpads.

â€‹â€¢ Maximize traditional channels like 1 million mobile push notifications, banner ads with 8 million monthly views, and email campaigns.

â€‹This event is a must for founders and CMOs aiming to leverage CEX listing to amplify their project's reach without falling into common pitfalls.

Get listed: go.latoken.com/f0ed/7563
Join as a Sales Manager: t.me/latoken_partner/568

â€‹Presidents about LATOKEN events>",,,,lu.ma,Networking / Social
The Big Blockspace BBQ Cookout,,,"2345 7th St, Denver, CO 80211, USA","Denver, CO",https://lu.ma/bbqcookout,approval_required,wallet_verification,,,,,"It's the grande finale The Blockspace Mansion hackerhouse.

And we have to get rid of ALL our food.

Enjoy a smokeout BBQ, fresh mulled wine by the campfire celebrating the end of another intense hackathon week.

â€‹Say goodbye to all the friends you've made during the week & give the mansion one last (sad face) farewell. ğŸ‘‹

If you're not sure what we're talking about: The Blockspace Mansion is an 8-day immersive hackerhouse on Polkadot.

â€‹Sign up here to participate.","{""food"",""drinks""}","{""networking"",""food"",""polkadot""}",,lu.ma,"Brand / Ecosystem House / Lounge, Food / Drink / Dining Experience, Networking / Social"
Sozu Haus Denver 2025,,,,,https://lu.ma/qx54h73e,,,,,,,"Sozu Haus is headed to Denver with Virtuals, Eliza, Mantle, Story, Kaito, Cookie, Wormhole and ACT (more partners TBA!)

â€‹Weâ€™ll have 66 beds from Feb 22 to March 3 at the Ember hostel in Denver. Honestly, this is unacceptable... so we are bringing three more hackers to get to our magic cohort number.

Oh, there will also be 69 S-tier mentors. Your big, big hacker minds will be blown away by the roster (follow Sozu Haus Twitter for alpha and announcements)

â€‹The theme for this cohort is... *drum roll* ... AI! That said, any builder in any vertical is eligible to apply. Designers, creators, artists are also more than welcome (we need more of you in this industry!)

â€‹A hackathon will be hosted at the haus. A ridiculous amount of bounties and grants valued at $500k+ (the number keeps going up and up).

Travel stipends will be considered on a case-by-case basis.

Schedule:

â€‹Feb 23 // 6pm - Orientation 

â€‹Feb 24-27 // 12pm - 4x Workshops & Lunch

â€‹Feb 28 // all day - Founder Mode (11am) & Sozu BBQ (6pm)

â€‹Mar 1 // 11am - 2pm - Demo Day

â€‹Whenever you want - hot tub aka ""yap tub""

â€‹The Sozu Haus cohort will have exclusive access to support, mentorship and programming while they build. Some of you will even have the opportunity to be a part of sub-cohorts specifically chosen by one of our partners. 

â€‹Apply here and we will release the first round of approved cohort members by Friday Jan 17. 

â€‹Follow https://twitter.com/sozuhaus to stay up to date. ",,,,lu.ma,Brand / Ecosystem House / Lounge
vlayer x ETH Denver Hacker House,,,"Wheat Ridge, CO (exact address after registration)","Wheat Ridge, CO",https://lu.ma/vlayerxethdenver,past_event,wallet_verification,,,,,"GET READY TO UNLOCK THE FUTURE OF DECENTRALIZED APPLICATIONS WITH A NEW ERA OF SOLIDITY ""2.0"" AND ZKPs
â€‹This is your invitation to vlayer's first-ever Hacker House! - experience cutting-edge tech that securely bridges Web2 data sources with the power of Web3 dApps.

Connect with talented builders and the vlayer team while enjoying great food and an inspiring, creative environment.

â€‹About us 
â€‹vlayer offers an all-in-one trustless data infrastructure for Solidity developers, powered by Zero-Knowledge technology. Our infrastructure empowers developers to extract, verify, and integrate real-world data into Ethereum smart contracts as trustless claims. By bringing Web2 dataâ€”using Web Proofs and Email Proofsâ€”into the Web3 ecosystem, we enable a decentralized, secure, and efficient internet. Our ZKP-powered technology is optimized for an unparalleled developer experience, supporting the future of data-driven dApps.
Check out our website for more information

â€‹Why You Should Join â€”secure your place now!
ğŸ’¡ Hackathon with a $5,000 bounty for the most inspiring use of vlayer technology
ğŸš€ Great workshops, thought-provoking talks, and collaborative idea sessions
ğŸ›Œ Accommodation may be available for select participantsâ€”stay with us for an immersive experience (details will be shared upon confirmation)

â€‹Be sure to register your attendance on this page to secure your place

Here's our full Agenda:

â€‹â€‹Sunday, 23rd February 2025

â€‹9:00 AM: Start, welcome coffee, and registration

â€‹10:00 AM: Open house and co-working

â€‹4:00 PM: installation party

â€‹6:00 PM: vlayer workshops

â€‹Monday, 24th February 2025

â€‹9:00 AM: Open house and co-working

â€‹10:00 AM: Breakfast & workshops with vlayer

â€‹3:00 PM: Lightning talk by Michael from ZKsync

â€‹3:20 PM: Lightning talk by Greg Hill from BOB

â€‹6:00 PM: Workshops with Risc0 and networking with pizza

â€‹Tuesday, 25th February 2025

â€‹9:00 AM: Open house and co-working

â€‹6:00 PM: Lightning talk by HylÃ©

â€‹6:20 PM: Lightning talk by TACEO

â€‹7:00 PM: vlayer Hacker House PARTY - separate registration

â€‹Wednesday, 26th February 2025

â€‹10:00 AM: Project presentations & Winners announcement

â€‹3:00 PM: Celebration cocktails

â€‹6:00 PM: Check-outâ€‹

â€‹We're open daily from 9:00 AM to 7:00 PM for co-working, workshops, and connecting with the communityâ€”drop by anytime!

â€‹ğŸ“… Confirmation emails will be sent no later than the first few days of February.

IMPORTANT: ENTRY REQUIREMENTS
By applying and attending the vlayer Hacker House, you agree to comply with the terms outlined in our Participation Agreement. Please review the full details here
This event is for adults only!","{""workshops"",""bounty"",""talks"",""coworking""}","{""zk"",""builders"",""hackerhouse""}",,lu.ma,"Brand / Ecosystem House / Lounge, Hackathon / Builder / Developer"
Hadron Ski House Denver,,,,,https://lu.ma/e7mccpf1,,,,,,,"Welcome to the Ski House:
â€‹â€‹From February 23rd to 26th, join us for a three day-long escape designed exclusively for founders during Eth Denver. Nestled in the cozy ski town of Breckenridge, We want to provide a great mixture of opportunities to engage in activities, connect, learn, and come away with new, stronger connections",,,,lu.ma,"Brand / Ecosystem House / Lounge, Mountain / Retreat / Outdoor Activity"
Nova Denver Free Consulting & Coworking,,,,,https://lu.ma/ds2jm6jv,,,,,,,"Host Info:
â€‹â€‹â€‹â€‹â€‹â€‹ğŸ§¬ Nova Strategy is the ğŸ…TOP Growth and Marketing Service Provider in the crypto market. We have a global layout in 34 countries & regions , possess over 1800 top KOL resources, and cover more than 20 Million crypto users. ğŸŒ Core Team comes from the Bitget Global Growth and Branding team, with global growth and operation experience in leading exchanges such as Binance, OKX, Bitget, HTX, etc.

â€‹â€‹â€‹â€‹â€‹â€‹ğŸ¤ Profound Partners include UXLINK, Myshell, Opinion Labs, etc. Nova is also the strategic partner of Top exchanges, Venture Capitals, and Sports and Entertainment Sponsorship Companies. âš¡ï¸

â€‹â€‹â€‹â€‹â€‹â€‹ğŸ’¥EventğŸ’¥
â€‹â€‹â€‹â€‹â€‹â€‹Join Nova for a private meet as we kick off ETH Denver week with a bang! ğŸ‰

â€‹â€‹â€‹â€‹â€‹â€‹Nova Strategy is set to host an exclusive crypto summit in the heart of HongKong. We offer limited invitations for booking offline meetings. This event will bring together visionary project partners and enthusiasts passionate about global market trends and ecosystem growth in different regions. (including Turkey, CIS, Japan, South Korea, Chinese and English-speaking areas)ğŸ”¥

â€‹â€‹â€‹â€‹â€‹â€‹For projects with a high interest in cooperating, we will provide an in-depth report of the prospect and suggestions for listing on the top exchange after meet-up.ğŸŒŸ The professional MKT guidance is now or never! ğŸ’ƒ Register ASAP and let's catch the fantastic booming vibes together. ğŸ¥¥

â€‹â€‹â€‹â€‹â€‹Event Highlights:

â€‹â€‹â€‹â€‹â€‹ğŸµ Delicious tea and gourmet treats to tantalize your taste buds

â€‹â€‹â€‹â€‹â€‹ğŸ’¬ Casual networking and insightful discussions with crypto professionals

â€‹â€‹â€‹â€‹â€‹ğŸŒŸ Exclusive crypto marketing tips to boost your projectâ€™s success

â€‹â€‹â€‹â€‹â€‹â€‹ğŸ“Œ For sponsorship inquiries, do reach out to @echoinnova on Telegram!

â€‹â€‹â€‹â€‹â€‹â€‹ğŸ‘‰ Follow on Nova Strategy Twitter: https://x.com/theNovaStrategy",,,,lu.ma,"Brand / Ecosystem House / Lounge, Hackathon / Builder / Developer"
HackSecret ETH Denver Hackerhouse,,,,,https://lu.ma/1b214uv5?tk=Qglhok,,,,,,,"HackSecret ETH Denver Hacker House

â€‹Come buidl with us at the HackSecret ETH Denver Hacker House! We will have on-site DevRel teams from Secret Network and our fantastic partners Autonomys who will be here all week to give you 1-on-1 help, giving you the edge you need to win the BUIDLathon and HackSecret!
â€‹Learn to build groundbreaking EVM dApps and AI Agents that use Secret Network to utilize its confidential computation! With the excitement around AI we are certain privacy-preserving AI applications using Seret AI SDK will have a large advantage over the competition, especially for DeFAI and business-related use cases, models, and agents.
â€‹Take advantage of HackSecret Bounties to utilize confidential computing in your ETH Denver BUIDLathon projects to double dip on prizes and bounties, and get a unique advantage over the competition by having privacy-preserving smart contracts and confidential AI use cases in your EVM dApp!
â€‹We're hosting workshops daily from 1 to 4 p.m., and we'll have Wi-Fi, lunch included, snacks, and, of course, good vibes.
â€‹Register to get the address as a drop-in or a specific workshop. To contact us and keep up with what's going on at the house, join our hacker house Telegram group: https://t.me/+02Q-Vcn4OgUyMDhh
â€‹Daily workshops (Check often as new workshops and special events will be added regularly!)
â€‹
Monday, Feb 24th
â€‹12:00 PM â€“ Doors Open, Networking & Lunch

â€‹1:00 PM â€“ HackSecret 5 Hackathon Bounty Workshop
Host: Secret Network

3:00 PM â€“ Nitro TEE Workshop
Host: Marlin Protocol

6:00 PM â€“ Doors Close
_________________________________________________________

â€‹Tuesday, Feb 25th
â€‹12:00 PM â€“ Doors Open, Networking & Lunch

â€‹1:00 PM â€“ Creating Private On-Chain Agents Using Secret AI SDK
Host: Secret Network

â€‹2:00 PM â€“ Autonomys 101: Intro to the AI3.0 Infrastructure Stack
Host: Autonomys

â€‹3:00 PM â€“ Using TEE for Decentralized Confidential Computing! ($50 USDC Raffle)
Host: iExec

â€‹6:00 PM â€“ Doors Close
_________________________________________________________

â€‹Wednesday, Feb 26th
â€‹12:00 PM â€“ Doors Open, Networking & Lunch

â€‹1:00 PM â€“ Hands-On Challenge: Build On-Chain, Blind Auctions on ETH L2 Using Solidity
Host: Secret Network

â€‹2:00 PM â€“ The Synergies of Multiparty Computation & TEE Encryption Models for Web3 Applications
Host: Partisia Blockchain

â€‹6:00 PM â€“ Doors Close
_________________________________________________________

â€‹Thursday, Feb 27th
â€‹12:00 PM â€“ Doors Open, Networking & Lunch

â€‹1:00 PM â€“ Secretpath Workshop: Learn How to Utilize Secret's Confidential Computation in Your EVM and Solana Applications with Cross-chain Communication Using Snakepath
Host: Secret Network

â€‹2:00 PM â€“ Autonomys 102: Using the Auto SDK for Permanent Distributed Storage
Host: Autonomys

â€‹3:00 PM â€“ Women in Blockchain and Web3 privacy: Lightning talks From Njambi Njoroge on Grassroots Economics, and Lisa Loud on The importance of Web3 Privacy. Followed by networking and snacks!
Host: Women In Blockchain x Women in Web3 Privacy

â€‹5:00 PM â€“ 7:30 PM â€“ Special Event: Media Happy Hour!
Relax and network with media partners. Must be part of a media team or registered for the Hackerhouse.

â€‹7:30 PM â€“ Doors Close
_________________________________________________________

â€‹Friday, Feb 28th
â€‹12:00 PM â€“ Doors Open, Networking & Lunch

â€‹1:00 PM â€“ Learn how to utilize Secret's Confidential Computation in your EVM Applications with Cross-chain Communication Using Axelar GMP
Host: Secret Network

â€‹2:00 PM â€“ Autonomys 103: Building Unstoppable Agents with the Auto Agents Framework
Host: Autonomys

â€‹3:00 PM â€“ Where Energy Meets Money: Learn about Quaiâ€™s Dual Token System, NiPoPows, PoW Mining, & AI.
Host: Quai Network

â€‹6:00 PM â€“ Doors Close
_________________________________________________________

â€‹Saturday, March 1st
â€‹12:00 PM â€“ Doors Open, Networking & Lunch

â€‹1:00 PM â€“ Confidential AI? ROFL! A Workshop on Communicating On-chain with a Confidential AI Chatbot
Host: Oasis Protocol

â€‹3:00 PM â€“ Closing Ceremony & Celebration

â€‹6:00 PM â€“ Doors Close
_________________________________________________________

â€‹Please note that space is limited. We will do our best to accommodate all guests, but during workshops, the space must prioritize builders and teams, and during alternative events, the space will be limited to the specified audience, seats will be first come, first served.

â€‹Drop-in tickets are not valid for Media Happy hour event, but can be used for any workshop days

â€‹By joining the hacker house you are consenting to be included in media including pictures and video. Workshops will be live-streamed.",,,,lu.ma,"Brand / Ecosystem House / Lounge, Hackathon / Builder / Developer"
EduDAO Hacker House @ Denver,,,,,https://lu.ma/dplhrura,,,,,,,"ğŸ‰ Welcome to the EduDAO Hacker House at Denver! ğŸ‰

â€‹From February 23rd to March 2nd, we're transforming a house into a buzzing hive of innovation and creativity. Picture this: a week-long AI & Gaming retreat where you can co-live, co-build, and co-learn with some of the brightest minds in the industry. Whether you're a designer, developer, or founder, this is your chance to dive deep into the world of tech, make lifelong connections, and create something amazing together.

â€‹We're on the hunt for serious builders who are ready to roll up their sleeves and get to work. If you're passionate about collaboration and innovation, apply now to secure your spot!

â€‹Applications close on February 16th, so don't miss out.

â€‹Plus, if you're a partner who believes in the power of ""better together,"" we'd love to hear from you. Let's make this an unforgettable experience filled with learning, laughter, and a whole lot of fun! ğŸš€

â€‹EduDAO Events:
â€‹

Feb
24
3rd Annual GameFi Night w/ Halborn, Pool, TezzaPoker
Mon, Feb 24, 5:00 PM MST
Feb
27
ETHGlobal Asia Blockchain Community Meetup | Denver
Thu, Feb 27, 11:00 AM MST
Feb
27
Builder's Retreat & Chill in Web3
Thu, Feb 27, 12:00 PM MST
Feb
27
Zero Knowledge & Chill
Thu, Feb 27, 4:00 PM MST
Feb
28
Web3 Pitch Competition & VC networking by Ga^3in Ventures at ETHDenver2025
Fri, Feb 28, 12:00 PM MST
Feb
27
Student Retreat!
Thu, Feb 27, 6:30 PM MST
Feb
28
Game7 Happy Hour
Fri, Feb 28, 6:00 PM MST
â€‹ğŸ‘‰ğŸ‘‰ APPLY NOW ğŸ‘ˆğŸ‘ˆ
â€‹Apply as a Builder
â€‹We're looking for serious builders (designers, developers, founders) who want to meet, learn, and build together!

â€‹Applications live here, deadline February 16th

â€‹Partner with EduDAO
â€‹We're looking for partners that align with the ethos of ""better together."" If that's you, reach out below!

â€‹Reach out to partner with us at info@edudao.io

â€‹Hosts
User Uploaded Image
â€‹â€‹EduDAO's mission is to empower students, builders, and developers with comprehensive blockchain education, enabling them to evolve into exceptional crypto talents, visionary founders, and influential leaders. We aim to instill the knowledge and confidence required to spearhead the development of the next groundbreaking innovations in the blockchain space!

â€‹â€‹â€‹â€‹âœ–ï¸ X (Twitter)

â€‹â€‹ğŸ® Discord

â€‹â€‹ğŸ“¨ Telegram",,,,lu.ma,"Brand / Ecosystem House / Lounge, Hackathon / Builder / Developer"
Async House,,,,,https://lu.ma/AsyncHouse,,,,,,,"Async House brings together builders and crypto maxis for a week of talks, workshops hands-on projects, and plenty of playâ€”stay tuned for updates!",,,,lu.ma,Brand / Ecosystem House / Lounge
Async House @ ETHDenver 2025,,,,,https://lu.ma/AsyncHackerHouse,,,,,,,"Welcome to the Async House at ETHDenver

â€‹At Async House, weâ€™re bringing together top-tier developers and industry experts for a week of hands-on building, learning, and playing in a unique space where you can focus on real, technical challenges. =nil;, is curating this experience to be robust yet chill enough to work on real projects, get your hands dirty, and make new connections.

â€‹No fluff, just solid builders and really great vibes. Full schedule here.

â€‹What to Expect

â€‹Workshops & Sessions: Daily hands-on workshops on topics like async workflows, ZKPs, modular scaling, and cross-chain interoperability, led by co-hosts, resident experts, and invited teams.

â€‹Networking & Socials: Casual events to connect with fellow developersâ€”expect jam sessions, welcome dinners, and game/cinema room activities.

â€‹Swag: Exclusive Async House merch.

â€‹Whoâ€™ll be in the house

â€‹Solidity wizards (3+ years preferred) who know their way around the codebase and a meme or two.

â€‹Builders passionate about async blockchain workflows and pushing boundaries.

â€‹Crypto maxis who pass the vibe check.

â€‹Resident spots are all filled, but youâ€™re still more than welcome to join us as a guest! Weâ€™re hosting a lineup of technical talks, workshops, a fireside chat, and casual hangs with some of the brightest builders in the space.

â€‹Schedule
â€‹February 24

â€‹10:00am - 10:20am: Talk - Public Wallets Are Dead: Why Crypto Canâ€™t Scale Without Privacy | Georgi Koreli, CEO & Co-Founder, Hinkal Nika Koreli, CTO & Co-Fonder, Hinkal

â€‹11:00am - 11:30am: Workshop - Developing Full Stack Apps on =nil; | Dennis Oliver Huisman, Senior DevRel, =nil; Foundation

â€‹11:30am -  11:50am: Talk - Verifiable machines as trust anchors for AI | Deli Gong, Cofounder, Automata

â€‹12pm -  12:40pm: Workshop - Mastering On-Chain Asynchronous Development |  Ilya Marozau, Senior Blockchain Architect, =nil; Foundation 

â€‹1:00pm - 1:40pm: Workshop - Making L2s secure with Assertions |  Jacob Czepluch, DevRel, Phylax Systems 

â€‹2:30pm - 2:50pm: Talk: SpaceTEEs and L2 Security: A New Frontier in Confidential Computing | Filip Rezabek, Tech Lead/Researcher, Spacecoin.xyz / TUM 

â€‹3pm - 3:20pm: Talk - Scaling Your Project Through Technology Partners | Ismael Hishon-Rezaizadeh, Co-Founder and CEO, Lagrange 

â€‹4pm - 4:20pm: Talk - Privacy without KYC | Amit Chaudhary, Founder, Labyrinth

â€‹February 25

â€‹12:15pm - 12:35pm: Talk - State of ZK + Bitcoin | Omer Talip Akalin, DevRel Engineer, Citrea 

â€‹1pm - 1:40pm: Workshop - Beaver: From Bugs to Soundness in Boojum Circuits | Olena Oshchypok, Cryptography Engineer, Matter Labs 

â€‹1:45pm - 2:05pm: Talk - Agents have bodies with attestations in a post-AI world | Zheng Leong Chua, Cofounder, Automata 

â€‹2:05pm - 3pm Fireside Chat - Who Controls the Fate of Ethereum? | Avi Zurlo, CEO, =nil; Foundation + Jonah Burian, Investor, Blockchain Capital 

â€‹3:15pm - 3:35pm: Talk - How the team that built Mina is solving web3's state management problem | Austin Baggio, Head of Strategy, o1Labs 

â€‹February 26

â€‹10am - 10:20am: Talk - Pipelined Proving: practical ZK proofs for applications | Lancelot de FerriÃ¨re, CTO, HylÃ©

â€‹10:45am - 11:05am: Talk - ZK Chains: Powering Verifiable Applications for the Private, Provable Web | Evan Shapiro, Chief Product & Strategy Officer, Mina Foundation

â€‹11:30am - 11:50am: Talk - Fast and cheap ZKPs: a practical guide to generate proofs on Firestarter | Norbert Vadas, Head of Product, Gevulot

â€‹1pm - 1:20pm: Talk - We're Getting Rid of Bridges! | Christine Perry, Solutions Engineering Director, Avail

â€‹4pm - 4:40pm: Workshop - Programmable Interoperability | Cecilia Zhang, Engineer, Gwyneth

â€‹Feb 28 - March 1: Async House Hackathon

â€‹March 1: AlexDAO Night


User Uploaded Image
â€‹

â€‹Register for the growing list of talks and sessions happening at Async House here and follow @nil_Foundation on X for more updates.",,,,lu.ma,Brand / Ecosystem House / Lounge
Lost Tribes: The Blockspace Mansion w/ Polkadot,,,,,https://lu.ma/losttribeshackerhouse,,,,,,,"Stories carved in stone are now written in code.
â€‹A week-long hackerhouse by Polkadot with $15,000+ in bounties during ETHDenver.
â€‹This is Lost Tribes of Denver 25'.


â€‹Lost Tribes is an 8-day celebration of freedom, creativity, and exploring our roots through ancient cave carvings (HÃ¤llristning) to inspire new, untold beginnings.

â€‹Located in the heart of Denver, The Blockspace Mansion: is the ultimate hacker's haven where developers exchange ideas, share progress, and forge lifelong connections.

Lost Tribes is a movement for developers
Lost Tribes is a celebration of the extraordinary.
Lost Tribes is a sanctuary of belonging.

A journey from some of humanityâ€™s earliest known expressions to the future code representing shared security for Polkadot.

â€‹AGENDA

â€‹22/02 - 6pm Welcome drinks & Developer Huddle
23/02 - 10am - 5pm Intro workshops to building on Polkadot, team formation & hackathon prizes overviews.
26/02 - 2 pm - 6pm CAMP OUT with Polkadot
28/02 - 12pm - 6pm Enter the Paraverse
1/03 - 2pm - 8pm Demo Day
2/03 5pm The Big Blockspace BBQ Cookout & Closing drinks

â€‹â›º ğŸ”¥ What to expect:

â€‹Private chef serving up food & drinks round-the-clock

â€‹Co-working (10am-6pm) with super-strong WiFi

â€‹More than 15,000 USD in bounties on Polkadot to build out your ideas

â€‹Daily agenda with top-tier innovators on Polkadot & beyond the eco

â€‹Interactive workshops with our DevRel team to help you craft new skills

â€‹Daily happy hours for stories to flow into the night

â€‹Flowing mulled wine & hot chocolate by the outdoor firepit

â€‹The venue and experience will be unlike any other hackerhouse during ETHDenver. Guaranteed.

Apply now to participate in the Lost Tribes.",,,,lu.ma,"Brand / Ecosystem House / Lounge, Party / After-hours / Entertainment"
AuraVerse DeSci Hub,,,,,https://lu.ma/AuraverseDeSciHub,,,,,,,"Reimagining Science with DeSci Perspectives ğŸ”¬ğŸš€

â€‹Welcome to DeSci Hubâ€”a dynamic gathering space exclusively for researchers, scientists, investors, and DeSci builders to connect, collaborate, and create. Whether you're here to co-work, exchange ideas over light talks, or showcase groundbreaking demos, this is where the future of decentralized science takes shape.

â€‹ğŸŒŸ Whatâ€™s in Focus?

â€‹Biohacking & Longevity ğŸ§¬

â€‹Wellness & Regenerative Science ğŸŒ±

â€‹Open-Source DeSci & AI/Data Integration ğŸ¤–ğŸ“Š

â€‹Join us for an immersive experience where brilliant minds converge to push the boundaries of science! Expect insightful talks from leading experts, thought-provoking discussions, and a fusion of DeSci & Art.

Plus, we've got great food and drinks to keep the inspiration flowing. âœ¨

â€‹ğŸ¡AuraVerse DeSciHub Schedule
â€‹February 23 (Sunday)
17:00 - 20:00 | Opening Night

â€‹February 24 (Monday)
11:00 - 16:00 | DeSci Co-working Hour
16:00 - 18:00 | DeScAI Day â€“ Hosted by NerdLabs & DeSciWorld

â€‹February 25 (Tuesday)
11:00 - 16:00 | DeSci Co-working Hour
16:00 - 17:00 | DeSci Meme Coin Fest â€“ Featuring Jenna @AthenaDAO

â€‹February 26 (Wednesday)
11:00 - 13:00 | DeSci Co-working Hour
14:00 - 16:00 | Workshop: Exploring Programmatic Evaluator in DeSci Speaker: Michael Zargham
16:00 - 18:00 | Brewing TEE Denver â€“ Hosted by Rena Labsã€ŒRSVP Requiredã€

Feb
26
Brewing TEE ğŸµğŸ‡ºğŸ‡¸ Denver
Wed, Feb 26, 4:00 PM MST
â€‹February 27 (Thursday)
ğŸŒ¿ 11:00 AM - 5:00 PM
Day off for Intersubjective DeSci
5:30 PM - 9:00 PM
Web3 Invest: Enterprise Leaders, Founders & VCs:
https://blocklive.io/dy9fx6w9ib

â€‹February 28 (Friday)
12:30 - 16:30 | DeSci Public Goods ã€ŒRSVP Requiredã€
17:00 - 20:00 | DeSpace Day

Feb
28
Auraverse DeSci Public Goods
Fri, Feb 28, 12:30 PM MST
â€‹March 1 (Saturday)
11:00 - 14:00 | Fermented Brunch â€“ Hosted by MicrobiomeDAO ã€ŒRSVP Requiredã€
17:00 - 21:00 | Networking and Pitchã€ŒRSVP Requiredã€

Mar
1
Fermented Brunch by MicrobiomeDAO
Sat, Mar 1, 11:00 AM MST
Mar
1
Networking & Pitch
Sat, Mar 1, 2:00 PM MST
â€‹Other Events by AuraSci
Feb
27
Intersubjective DeSci
Thu, Feb 27, 11:00 AM MST
Mar
2
The AI-Powered Data Economy Driving Longevity
Sun, Mar 2, 10:30 AM MST
â€‹
Feel free to apply for the Pitch Sessions or/and VC Pitch Night here: https://tally.so/r/w7a4Rz

â€‹Present by AuraSci
â€‹â€‹Want know more about DeSci? Join in our community!

User Uploaded Image
â€‹â€‹Together With
Hetu
Sei
DeSciWorld
Causality Network
Kite AI by ZettaBlock
MoleDAO
BGA",,,,lu.ma,Brand / Ecosystem House / Lounge
On-Chain Gaming Hacker House,,,,,https://lu.ma/e1xx6bqe,,,,,,,"Welcome to the On-Chain Gaming Hacker House hosted by Reddy Builders!

When? Feb 23 - March 2nd
Where? Denver, Colorado

â€‹Reddy Builders is organizing a hacker house for dedicated, on-chain game developers, aimed at breathing life into the next generation of on-chain games and launching them for everyone to play.

This Hacker House will provide Free Housing to all Game Developers building On-Chain Games and hacking in the ETHDenver Hackathon. If you need free lodging for the ETHDenver Hackathon, please consider applying!!

Hacker House Agenda
Feb 23 - Hackers Arrive at 4 PM
Feb 24 - (Open Day - Looking for Sponsors)
Feb 25 - Base Game Night
Feb 26 - Aavegotchi Game Night
Feb 27 - Cartesi Game Night
Feb 28 - Sunrise DeFi Day
March 1 - Demo Days Event
March 2 - Hackers Leave at 10AM

About Reddy Builders
We are a Web3 Developer Community, where ""Builders help Builders"" to launch, grow and scale their projects! Founded by Zach Prater & Narasimha Reddy",,,,lu.ma,"Brand / Ecosystem House / Lounge, Gaming / Sport / Physical Activity, Hackathon / Builder / Developer"
Flow @ ETH Denver,,,,"Denver, CO",https://lu.ma/ic9pxa7z,past_event,wallet_verification,,,,,"Your Quest Awaits
â€‹â€‹From February 23rd to March 1st, Denver's famous Castle Marne becomes the Flow Castle. A stronghold of innovation, creativity, and competition. By day, itâ€™s an open co-working space where ideas are forged. By night, the gates open to thrilling side questsâ€”panels, challenges, and eventsâ€”all crafted to unite the Flow kingdom.

This isnâ€™t just another gatheringâ€”itâ€™s a full-scale takeover. Each day brings chances to forge alliances, test your skills, and push boundaries. Whether youâ€™re here to build, compete, or leave your mark, the castle is where legends rise. Check out the schedule below and prepare for an unforgettable siege.

theflowcastle.com

â€‹

â€‹Mon-Fri
â€‹8:30 AM - Voodoo Donuts on us!
Voodoo Donuts
1520 E. Colfax Ave.
Denver, CO 80218

9:30 AM - Co-workingâ€‹ begins!
(see below for scheduled events)

â€‹

â€‹
MONDAY (FEB 24) --------------------------------
â€‹

Cadence Workshop
â€‹Dive into Cadenceâ€”the resource-oriented programming language for Flowâ€”in this hands-on workshop that takes you from writing your first â€œHello Worldâ€ to deploying a fully functional Flow dApp. Learn the fundamentals, best practices, and advanced techniques so you can confidently create secure, scalable applications on Flow.

ğŸ“… Date: February 24
â€‹â€‹ğŸ•˜ Time: 02:00 PM - 03:00 PM
â€‹â€‹ğŸ”— Event Link (Sign up via this link)

â€‹
â€‹

â€‹WEDNESDAY (FEB 26) ----------------------------
â€‹

â€‹thirdweb @ Flow Castle
â€‹â€‹Come meet the thirdweb team and learn how to build full-stack apps on Flow!

â€‹â€‹This will be a casual, interactive demo session for developers looking for better ways to build onchain with thirdweb and Flow. Plus, we'll be sharing interactive demos of new and unreleased tooling ğŸ‘€

â€‹ğŸ“… Date: February 26
â€‹â€‹ğŸ•˜ Time: 10:00 AM - 11:00 AM
â€‹â€‹ğŸ”— Event Link (Sign up via this link)

â€‹

â€‹Consumer Product Development: The Community-Powered Approach
â€‹â€‹Join us for an interactive workshop and brainstorming session focused on crafting exceptional consumer products (Web3 and beyond) and leveraging your community for success!

â€‹ğŸ“… Date: February 26
â€‹â€‹ğŸ•˜ Time: 02:00 PM - 03:00 PM
â€‹â€‹ğŸ”— Event Link (Sign up via this link)

â€‹

â€‹Build an on chain agent in 1 hour (coinbase developer platform + flow)
â€‹â€‹We will have an AgentKit intro and then a 1-2 hr competition to see who can launch the most useful agent after the workshop with it.

â€‹ğŸ“… Date: February 26
â€‹â€‹ğŸ•˜ Time: 03:30 PM - 06:30 PM
â€‹â€‹ğŸ”— Event Link (Sign up via this link)

â€‹

â€‹

â€‹THURSDAY (FEB 27) -------------------------------
â€‹

â€‹Set It and Bet It: Self-Resolving Roulette on Flow EVM
â€‹â€‹We want to tell you about a really cool approach that we had to take while building roulette on FlowEVM.

This talk will be technical, but approachable. Newbs are welcome!

â€‹â€‹TL;DR, Commit reveal scheme with owenerless onchain random that creates a system where no actor is spinning the wheel, in effect it always has been spun.

â€‹ğŸ“… Date: February 27
â€‹â€‹ğŸ•˜ Time: 12:00 PM - 01:00 PM
â€‹â€‹ğŸ”— Event Link (Sign up via this link)

â€‹

â€‹Sudocat Gaming Session
â€‹â€‹ğŸ® SudoCat Gaming Showdown @ ETH Denver! ğŸš€

â€‹â€‹Join us for an electrifying SudoCat Gaming Session at ETH Denver, where play meets trade, and earning gets real! ğŸ†ğŸ’°

â€‹ğŸ“… Date: February 27
â€‹â€‹ğŸ•˜ Time: 01:00 PM - 02:00 PM
â€‹â€‹ğŸ”— Event Link (Sign up via this link)

â€‹

â€‹Regenerates in Defi
â€‹Explore strategies and challenges in creating more regenerative DeFi mechanisms and primitives

â€‹ğŸ“… Date: February 27
â€‹â€‹ğŸ•˜ Time: 02:00 PM - 03:00 PM
â€‹â€‹ğŸ”— Event Link (Sign up via this link)

â€‹

â€‹The Intersection of DeFi and Consumer Applications
â€‹â€‹The Intersection of DeFi and Consumer Applications

â€‹â€‹Join Flow Blockchain, aiSports, More.Markets, and KittyPunch for an insightful panel exploring how DeFi powers consumer blockchain applications. Discover how DeFi infrastructure drives token value, enhances engagement, and fosters Web3 communitiesâ€”bridging the gap between finance and real-world user experiences.

â€‹ğŸ“… Date: February 27
â€‹â€‹ğŸ•˜ Time: 03:00 PM - 03:30 PM
â€‹â€‹ğŸ”— Event Link (Sign up via this link)

â€‹

â€‹Crypto U: Building the Future of Blockchain Education
â€‹â€‹Join us for Crypto & Academia: Bridging Education and Innovation, gathering at ETHDenver 2025, where university leaders, researchers, and blockchain pioneers will come together to explore the role of education in driving the future of crypto.

â€‹ğŸ“… Date: February 27
â€‹â€‹ğŸ•˜ Time: 04:00 PM - 05:00 PM
â€‹â€‹ğŸ”— Event Link (Sign up via this link)

â€‹

â€‹

â€‹FRIDAY (FEB 28) ----------------------------------
â€‹

â€‹Rekt & Reflect
â€‹â€‹Join Flow, Olympix, and the rekt for an exclusive brunch panel at the Flow Castle (10-11 AM), where we serve coffee, pastries, and the most brutal DeFi horror stories.

â€‹â€‹Weâ€™re dissecting some of the biggest, most catastrophic hacks in DeFi history - the exploits that drained millions, left protocols scrambling, and even brought in Interpol, FBI agents, and private investigators (yes, even hitmen were involved).

â€‹ğŸ“… Date: February 28
â€‹â€‹ğŸ•˜ Time: 10:00 AM - 11:00 AM
â€‹â€‹ğŸ”— Event Link (Sign up via this link)

â€‹

â€‹From 0-1, How to Kickstart Your MVP
â€‹Ready to build and launch your MVP with minimal hassle? In this hands-on workshop, hackers and startup teams will learn the essential steps to go from zero to a functional prototypeâ€”covering core features, lean validation strategies, and practical tools to get a product off the ground fast that acquires real users and is investment-ready.

â€‹ğŸ“… Date: February 28
â€‹â€‹ğŸ•˜ Time: 01:00 PM - 02:00 PM
â€‹â€‹ğŸ”— Event Link (Sign up via this link)

â€‹

â€‹CryptoKitties Origins

â€‹CryptoKitties, a household name that was first launched at a hackathon has transformed web3, ushering in the many debates we see to this day about scalability. Hear the story of CryptoKitties origins from one of the key people behind it and how to create next generation consumer applications.

ğŸ“… Date: February 28
ğŸ•˜ Time: 02:30 PM - 03:00 PM
ğŸ”— Event Link (Sign up via this link)

â€‹

â€‹Build EVM Apps with Automatically Sponsored Gas on Flow with Privy
â€‹Brian merges learning, gaming, and programming to introduce the world to the magic of Flow Cadence and Flow EVM. A seasoned educator, he has previously built Base Learn and taught computer science at bootcamps and universities, always focusing on hands-on, practical experiences.

â€‹ğŸ“… Date: February 28
â€‹â€‹ğŸ•˜ Time: 03:00 PM - 04:00 PM
â€‹â€‹ğŸ”— Event Link (Sign up via this link)

â€‹

â€‹Crypto Policy at the Castle
â€‹Join us for Crypto Policy at the Castle, an exclusive invitation-only dinner and fireside chat at EthDenver 2025, where 30 of the most influential leaders shaping crypto policy will gather for an evening of insightful discussion, strategic networking, and fine dining in an intimate, historic setting.

â€‹ğŸ“… Date: February 28
â€‹â€‹ğŸ•˜ Time: 05:00 PM - 07:00 PM
â€‹â€‹ğŸ”— Event Link (Sign up via this link)

â€‹â€‹

â€‹

â€‹SATURDAY (MAR 1) -------------------------------
â€‹â€‹

â€‹BUIDL Day @ ETHDenver Powered by DoraHacks
â€‹â€‹BUIDL DAY is a premier one-day event designed to showcase the most original and contrarian startup teams in the Web3 industry. Hosted by DoraHacks on March 1st in Denver, this flagship gathering will bring together founders, builders, investors, and ecosystem leaders to collaborate, pitch, and explore groundbreaking innovations.

â€‹â€‹ğŸ“… Date: March 1
â€‹â€‹ğŸ•˜ Time: 11:45 AM - 12:15 PM
â€‹â€‹ğŸ”— Event Link (Sign up via this link)","{""coworking"",""workshops""}","{""flow"",""builders"",""talks""}",,lu.ma,Brand / Ecosystem House / Lounge
Superchain Space: Denver,,,,"Denver, CO",https://lu.ma/superchaindenver,past_event,waitlist_wallet_verification,,,,,"Enter the Superchain Space, a collaboration hub for the Superchain at ETHDenver!

As the Superchain enters its interop age, we're welcoming all builders and creators to gather in person to nurture relationships, share knowledge, and innovate together.

This space is hosted by Superchain.Eco in collaboration with Optimism, Layer Zero, and Celo.

â€‹Find the full Superchain Space schedule â†“
https://www.superchain.eco/space#ss-schedule

â€‹For inquiries please contact us through lu.ma or op@superchain.eco.","{""schedule_link""}","{""superchain"",""builders"",""talks""}",,lu.ma,Brand / Ecosystem House / Lounge
1kx Builders Hub | EthDenver Edition,,,,,https://lu.ma/stratvd6,,,,,,,"Join us for coffee, bites, and ample WiFi on Tuesday, Feb 25 and Wednesday, Feb 26 from 10:00 AM - 6:00 PM each day, just a short walk away from Union Station.

â‚ŠËš.ğŸ§ âœ©ï½¡â˜• ğŸ¤

Chill with other builders and meet the 1kx investment and research team.

â€§â‚ŠËšâœ§ Round Table Discussions! âœ§Ëšâ‚Šâ€§

Relaxed, roundtable discussions will be held in designated space of our hub to accommodate an group of 15 to 30 participants. These are not formal panels - but an opportunity to jam on ideas with other like-minded builders.

â€‹Come grab a bite, listen in, and find inspiration from fellow builders! Our list of confirmed topics and timings are below, with more to follow.

Tue, Feb 25:
11:30 AM - 1:30 PM: AI Agents Workshop | RSVP
2:00 PM - 4:00 PM: Agent Wallets Workshop | RSVP

â€‹Wed, Feb 26:

â€‹2:00PM - 3:30 PM: Web3 Social Workshop | RSVP

Organizers
1kx is a leading early-stage investment firm that partners with forward-thinking protocols, founders, and communities to help grow the crypto ecosystem. Supported by a team of leading technology engineers, investors, and entrepreneurs, 1kx takes a collaborative, hands-on approach to help the best and brightest minds in web3 grow and scale their platforms and build lasting community-driven networks. To learn more, please visit https://1kx.network/.",,,,lu.ma,"Brand / Ecosystem House / Lounge, Hackathon / Builder / Developer"
The Road to 11 Trillion Agents,,,,,https://lu.ma/g6qungq,,,,,,,"Join us for coffee, bites, and ample WiFi on Tuesday, Feb 25 and Wednesday, Feb 26 from 10:00 AM - 6:00 PM each day, just a short walk away from Union Station.

â‚ŠËš.ğŸ§ âœ©ï½¡â˜• ğŸ¤

Chill with other builders and meet the 1kx investment and research team.

â€§â‚ŠËšâœ§ Round Table Discussions! âœ§Ëšâ‚Šâ€§

Relaxed, roundtable discussions will be held in designated space of our hub to accommodate an group of 15 to 30 participants. These are not formal panels - but an opportunity to jam on ideas with other like-minded builders.

â€‹Come grab a bite, listen in, and find inspiration from fellow builders! Our list of confirmed topics and timings are below, with more to follow.

Tue, Feb 25:
11:30 AM - 1:30 PM: AI Agents Workshop | RSVP
2:00 PM - 4:00 PM: Agent Wallets Workshop | RSVP

â€‹Wed, Feb 26:

â€‹2:00PM - 3:30 PM: Web3 Social Workshop | RSVP

Organizers
1kx is a leading early-stage investment firm that partners with forward-thinking protocols, founders, and communities to help grow the crypto ecosystem. Supported by a team of leading technology engineers, investors, and entrepreneurs, 1kx takes a collaborative, hands-on approach to help the best and brightest minds in web3 grow and scale their platforms and build lasting community-driven networks. To learn more, please visit https://1kx.network/.",,,,lu.ma,Networking / Social
Corn Hub at ETHDenver,,,,,https://lu.ma/cornhubforall,,,,,,,"Corn wants to ensure that everyone has a â€œbutterâ€ conference experience. Thatâ€™s why weâ€™ve built the Corn Hub, an interactive and engaging social pop-up space with dynamic multi-day programming.

The Hub is a veritable cornucopia containing everything you need to get the most out of ETHDenver. It's the go-to space to cornect with friends old and new, supercharge your BD efforts, and indulge in the reliable WiFi.

The Hub is open:

Tuesday Feb 25th: 8:00AM - 6:00PM
Wednesday Feb 26th: 8:00AM - 6:00PM
Thursday Feb 27th: 8:00AM - 4:00PM

For in-space programming, be sure to RSVP to the following events:

Tuesday, Feb 25, 2025
Corn Breakfast w/ LayerZero: https://lu.ma/cornLZ
Arbicorn Roast w/ Arbitrum & Legion: https://lu.ma/arbicorn
Happy Hour w/RedStone & Veda: https://lu.ma/RSandVeda

Wednesday, Feb 26, 2025
Yap to Eat Breakfast w/ Kaito & Corn: https://lu.ma/yaptoeat
Corn Tacos w/ Babylon: https://lu.ma/babylontacos
Charcuterie & Recruiterie: Careers in DeFi Happy Hour w/ EtherFi & Certora: https://lu.ma/careersisdefi

Thursday Feb 27, 2025
Good Corning Breakfast w/ Chaos Labs & Wonderland: https://lu.ma/gcbreakfast
Corn Taco Lunch w/ Cantina & Spearbit: https://lu.ma/cantinaspearbit
Corn Drop ft Lil Jon: https://lu.ma/corndrop",,,,lu.ma,Brand / Ecosystem House / Lounge
TAC Hacker House: The Ultimate Builder Hub @ ETHDenver,,,"3770 Walnut St, Denver, CO 80205, USA","Denver, CO",https://lu.ma/TAC_Denver,past_event,ticketed_wallet_verification,,,,,"Step into the TAC Hacker House, join the plebsâ€™ cabal. This isnâ€™t just a spaceâ€”itâ€™s your gateway to level up your ideas and join the TAC Wizards. Whether youâ€™re fine-tuning your dApp or gearing up to conquer the Telegram userbase, weâ€™ve got you covered.

At TAC Hacker House we redefine the meaning of gm: Go Mainstream.

â€‹ğŸ’¼ The Power Table

â€‹â€‹Sit down with the TAC Growth Team to advise, refine, and supercharge your dApp. Strategize how to target retail mass-market leveraging the power of TON and Telegram. Come for the insights, leave more bullish than you can imagine!ğŸ”¥ğŸ“ˆ

â€‹â˜• Coffee, Codes, and Cravings

â€‹Fuel your hustle with specialty brews, daily lunch breaks, and curated snacks served all day. This is your space to recharge, brainstorm, and connect with fellow builders. ğŸ•â˜•ğŸ’¬

Here the ticker is TON, but the code is EVM.

â€‹ğŸ› ï¸ Workshop Hour: Build & Level Up

â€‹â€‹Dive into daily 1-hour workshops led by experts whoâ€™ve been in the trenches. Explore more in depth the TAC tech stack with our CTO and tech team, get a view on the roadmap. â€‹Ensure your project is primed for success! ğŸš€ğŸ“Š

â€‹ğŸ’¡ From Idea to Launch: TAC x Builders

â€‹Inspired by the community, weâ€™re here to foster collaboration and action. Through guided discussions on tech innovation and GTM strategies, weâ€™ll help you:

â€‹Connect the dots

â€‹Raise funds

â€‹Get your project live

â€‹Success takes teamwork, and weâ€™re all about making it happen together. ğŸ”—ğŸ’ª

â€‹ğŸ—£ï¸ Business Meetings & Networking

â€‹Stop in to take your business meetings outside of the crowded main venue, meet other builders, connect with the TAC team, grab exclusive swags, or just hang for the vibe. Weâ€™re excited to:

â€‹Learn about your project

â€‹Help you take it to the next level

â€‹Success takes collaboration, and we want to help you succeed, starting with providing a space like TAC Hacker House to send your idea to Valhalla. ğŸŒŸğŸš€

About TAC

â€‹TAC is a novel TON-Adapter enabling Ethereum developers to launch hybrid dApps to access Telegramâ€™s 950M+ userbase.

â€‹Website | X | Discord | Telegram | LinkedIn

â€‹Join us at TAC Hacker Houseâ€”the ultimate builder hub during ETHDenver. At TAC, GM means Go Mainstream!! ğŸ™ŒğŸ’¥

Join the official Telegram Chat to speak to the team!
https://t.me/+17EvDyITWAk5OWI1","{""workshops"",""snacks"",""networking""}","{""ton"",""telegram"",""builders""}",,lu.ma,"Brand / Ecosystem House / Lounge, Hackathon / Builder / Developer"
Bitcoin Block Fest,,,,,https://lu.ma/gfl98k5e,,,,,,,"What is Bitcoin Block Fest?

â€‹Bitcoin Block Fest, brought to you by Bitcoin x AI Startup Lab, is a premier series of events celebrating Bitcoin x AI innovation, collaboration, and community. Running alongside ETH Denver 2025, this event takes place in Denver's vibrant RiNo District, just a short walk from the main ETH Denver venue.

â€‹Why Attend Bitcoin Block Fest?

â€‹Convenience: All venues are within a 8-minute walking radius, saving time and cutting down on travel costs.

â€‹Unmatched Networking Opportunities: Connect with Bitcoiners, entrepreneurs, investors, and innovators from around the world in a high-energy, focused environment.

â€‹A Celebration of Bitcoin x AI Innovation: Be part of a growing movement that highlights the creativity and progress happening within the Bitcoin x AI ecosystem.

â€‹Whether you're a startup founder, developer, investor, or Bitcoin x AI enthusiast, Bitcoin Block Fest is your opportunity to engage with the Bitcoin ecosystem like never before. Dive into a curated lineup of events, make valuable connections, and help drive the future of Bitcoin innovation.

â€‹Join us and be part of the action at Bitcoin Block Fest 2025!

Also join us at the Bitcoin Investor and Founder Mixer on Feb 28, Fri 6 - 8pm MT.",,,,lu.ma,Networking / Social
Bitcoin Renaissance â€“ 2025 Hosted by Babylon,,,"1902 Blake St, Denver, CO 80202, USA","Denver, CO",https://lu.ma/9abbcosp,closed,closed,,,,,"Join us at the Bitcoin Renaissance, a pioneering thought leadership 2-day summit that marks a new chapter in the evolution of the Bitcoin ecosystem.

â€‹â€‹Event Website : https://www.bitcoin-renaissance.com/

â€‹â€‹This exclusive event brings together the brightest minds and top projects building on Bitcoin, offering an unparalleled opportunity to explore the evolution of Bitcoin's ecosystem and the synergies between Bitcoin and PoS systems.

â€‹Bitcoin Renaissance - ETH Denver 2025 Day 1 Agenda 27th February 2025
â€‹ğŸ“ Location: Summit Denver
ğŸ¤ MC: Isabel Foxen Duke - VP, BRC-20

â€‹ğŸŒ… Morning Sessions

â€‹10:00 AM | Registrations Open & Bitcoin DeFi Breakfast â˜•

â€‹11:00 AM â€“ 11:10 AM | Opening Remarks ğŸ™ï¸
ğŸ”¹ David Tse â€“ Co-Founder, Babylon Protocol

â€‹11:10 AM â€“ 11:20 AM | Keynote #1
David Tse â€“ Co-Founder, Babylon Protocol

â€‹11:20 AM â€“ 11:30 AM | Keynote #2
Chris Spadafora, Co-founder of Corn

â€‹Panel Discussions

â€‹11:30 AM â€“ 12:00 PM | Panel #1 â€“ Bitcoin Staking: How Native BTC Staking Changes the Game

â€‹
David Tse â€“ Co-Founder, Babylon Protocol
Deian Stefan â€“ Co-Founder, Cubist
Jacob Phillips â€“ Co-Founder, Lombard
George Danezis - Chief Scientist and Co-Founder, Mysten Labs
Moderator: Dan Held â€“ Bitcoin Educator & Investor

â€‹12:00 PM â€“ 12:30 PM | Panel #2 â€“ BitVM & The Future of Bitcoin Smart Contracts

â€‹
Alexei Zamyatinâ€“ Co-Founder, BOB
Yovela Luo â€“ Co-Founder, Fiamma
Orkun Kilic â€“ Co-Founder & CEO, Citrea
Aaron Feickert â€“ Alpen Labs
Moderator: David Tse â€“ Co-Founder, Babylon Protocol

â€‹12:30 PM â€“ 1:00 PM | Panel #3 â€“ Scaling Bitcoin: Layer 2 Solutions and Beyond

â€‹
Rena Shah â€“ COO, Stacks
Matt Mudano â€“ CEO, Arch Network
Alisia â€“ Founder, Botanix
Robert Hissink Muller â€“ Head of Research, Union
Moderator: Janusz â€“ CEO, BTC Layers

â€‹Keynotes Before Lunch

â€‹1:00 PM â€“ 1:10 PM | Keynote #2
Alexei Zamyatinâ€“ Co-Founder, BOB

â€‹1:10 PM â€“ 1:20 PM | Keynote #3
Lancen LaChance â€“ Product, Rootstock Labs

â€‹ğŸ½ï¸ Lunch Break (1:30 PM â€“ 2:30 PM)

â€‹ğŸŒ Afternoon Sessions

â€‹2:30 PM â€“ 3:00 PM | Panel #4 â€“ Unlocking Bitcoin Liquidity: Bitcoin-Powered DeFi

â€‹
DOMO â€“ Creator of BRC-20
Chan A â€“ CEO, ALEX
Arwen Z â€“ Chief Ecosystem Officer, B2Network
Thomas Chen â€“ CEO, Function
Moderator: Farmer Joe

â€‹ Keynotes

â€‹3:10 PM â€“ 3:20 PM | Keynote #4
Chandra Duggirala â€“ Founder, Portal DeFi

â€‹3:20 PM â€“ 3:30 PM | Keynote #5
Edan Yago â€“ Contributor, BitcoinOS

â€‹3:30 PM â€“ 4:00 PM | Panel #5 â€“ The Future of Bitcoin Scalability

â€‹
Carolyn Reckhow â€“ COO, Mezo
Yohan â€“ VP, BRC-20 Foundation
Michael Casey â€“ MARA
Sascha Goetz â€“ Founder & Director, Rootstock Collective
Moderator: Zack Guzman â€“ Founder & Host, Coinage.Media

â€‹4:00 PM â€“ 4:30 PM | Panel #6 â€“ Institutional Adoption: How Bitcoin is Reshaping Financial Systems

â€‹
Carl Jiang- Anchorage
Anthony DeMartino â€“ Co-Founder & CEO, Trident Digital
Tom Warner â€“ Staking, Coinbase
Kaitlin Gately- Falcon X
Moderator: Boris Alergantâ€“ Babylon Labs, Head of Institutional Partnerships

â€‹4:30 PM â€“ 5:00 PM | Panel #7 â€“ US Regulation for Bitcoin DeFi in 2025

â€‹
Tuongvy Le â€“ General Counsel, Anchorage Digital
Brian Klein â€“ Partner, Waymaker LLP
Katherine Kirkpatrick Bos - General Counsel, StarkWare
Moderator: Adam Ettinger â€“ Legal, Babylon Labs

â€‹

â€‹5:00 PM - Event Closing

â€‹

â€‹Bitcoin Renaissance - ETH Denver 2025 Day 2 Agenda 28th February 2025
â€‹ğŸ“ Location: Summit Denver
ğŸ¤ MC: Jojo Zhou - Ecosystem Lead, at SatLayer

â€‹11:10 AM - 11:20 AM | Keynote #1 - Valeyo â€“ Co-founder, Tower DEX

â€‹ğŸŒ… Morning Sessions

â€‹11:20 AM - 11:50AM | Panel #1 - BTCFi: Leading the Revolution

â€‹Sid Sridhar â€“ Founder, Bima Labs
Valeyo â€“ Co-founder, Tower DEX
Ali Baloch â€“ Head of Growth, Valantis
Elizabeth Olson â€“ Bitcoin Head of Marketing, Magic Eden
Antoine Loth - Head of BD, Euler Labs

â€‹12:00 PM - 12:30 PM | Panel #2 - BTC for the Sovereign

â€‹Maghnus Mareneck â€“ Co-CEO, Interchain Labs
Ezaan Mangalji â€“ Co-founder, Initia
Nick White â€“ VP, Celestia
Aaron Kong â€“ Growth & Strategy, Osmosis
Clayton â€“ Head of BD, Babylon

â€‹12:30 PM - 12:40 PM | Keynote #2 - Luke Xie â€“ CEO, Satlayer

â€‹12:40 PM - 12:50 PM | Keynote #3 - Spencer Yang â€“ Core Contributor, Fractal Bitcoin

â€‹12:50 PM - 1:20 PM | Panel #3 - Empowering Bitcoin Through Staking

â€‹Charles Guillemet â€“ CTO, Ledger
Milan Badaoui â€“ CTO, P2P
Michael Poluy â€“ Director of Product Management, Fordefi
Sili Zhao â€“ Director of Business Global, Infstones
Greg May â€“ Solutions Architect, Blockdaemon

â€‹ğŸ½ï¸ Lunch Break (1:30 PM â€“ 2:30 PM)

â€‹Keynotes Before Lunch

â€‹2:30 PM - 2:40 PM | Keynote #4
Marco Monaco â€“ Co-Founder, TAC

â€‹2:40 PM - 2:50 PM | Keynote #5
Luke Wang â€“ CEO, Chakra

â€‹ğŸŒ Afternoon Sessions

â€‹3:00 PM - 3:30 PM | Panel #4 - BSN Security + Liquidity

â€‹Alexei â€“ Co-founder, Bob
Marco Monaco â€“ Co-founder, TAC
Kenny Li â€“ Co-founder, Manta
Kyle Rojas â€“ Global Business Lead, Avail Project
Matthew McConnell â€“ Co-Founder, Spicenet

â€‹3:30 PM - 4:00 PM | Panel #5 - Liquid Bitcoin for the World

Jacob Phillips â€“ Co-founder, Lombard
Matt Gurbiel â€“ Head of BD, Redstone
Catherine Chan â€“ Head of Ecosystem, Solv Protocol
Ian Unsworth â€“ Co-founder, Kairos Research
Rob McTague â€“ Core, Acorn Network

â€‹4:00 PM | 4:30 PM | Panel #6 - TC Beyond the Base Layer

â€‹Leo Wu â€“ Defi Lead, Axelar
Katya Ternopolska â€“ Head of Growth, Wormhole Foundation
Josh Kessler â€“ Head of Growth, Veda
Nadim Chamoun â€“ Ecosystem Lead, Concrete
Nick Martitsch â€“ Head of GTM, Paradigm","{""agenda_link""}","{""bitcoin"",""summit"",""panels""}",,lu.ma,Networking / Social
"DAY ACCESS: Where The Future of Web3, AI & Capital Markets Converge",,,,,https://lu.ma/z8b9db6p,,,,,,,"As ETHDenver brings together the brightest minds in blockchain, DNA House is curating an exclusive gathering where decentralization, AI, and Web3 intersect. This high-level event is designed for trailblazing founders, forward-thinking investors, and industry disruptors shaping the next era of innovation.

â€‹Set in Denverâ€™s thriving tech hub, this invite-only experience offers an unparalleled opportunity to explore the latest advancements in decentralized finance, AI-driven blockchain solutions, and next-gen infrastructure. Attendees will engage in dynamic discussions, exclusive networking, and strategic collaborations in an environment built for meaningful connections and groundbreaking ideas.

â€‹FULL AGENDA

User Uploaded Image

User Uploaded Image

User Uploaded Image
â€‹About DNA

â€‹DNA Holdings Venture Inc. is spearheading the next wave of financial innovation by seamlessly integrating Web 3, cryptocurrency, artificial intelligence, and capital markets. Our mission is to create a groundbreaking financial ecosystem that delivers cutting-edge fund management, strategic advisory services, and visionary financial solutions. By leading this technological and financial convergence, we empower emerging brands to architect the future of finance, transforming the global economy and reshaping the world of capital markets.

â€‹â€‹â€‹â€‹Website: dna.fund
Email: investors@dna.fund
Follow us on LinkedIn
Join our Telegram, @dnafund

â€‹


User Uploaded Image
â€‹About Zeebu

â€‹â€‹Zeebu is the first-of-its-kind Web3 Neobank tailored to cater to the telecom carrier industry. Our purpose-built protocol is dedicated to empowering telecom carrier businesses to transact at the speed of real-time global connectivity. Leveraging blockchain technology and smart contracts, Zeebu facilitates seamless settlements anytime, anywhere.

â€‹Website: zeebu.com
X: https://x.com/zeebuofficial
Follow us on LinkedIn
Join our Telegram, @zeebuofficial

â€‹


User Uploaded Image
â€‹About Midnight

â€‹â€‹Midnight is a blockchain that empowers enterprises and builders to create secure, compliant decentralized applications (DApps) with zero-knowledge proofs that safeguard sensitive information.

â€‹Website: midnight.network
X: @MidnightNtwrk
Follow us on LinkedIn
Join our Telegram, @Midnight_Network_Official

â€‹FULL AGENDA",,,,lu.ma,Startup / Pitch / Investor
ApeDEN: Den Pass,,,"1850 Wazee St, Denver, CO 80202, USA","Denver, CO",https://lu.ma/h0i9ic5w,approval_required,wallet_verification,,,,,"ApeDEN is for onchain builders at ETH Denver.

â€‹Come learn about ApeChain and our growing ecosystem directly from the ApeChain team and its premier builders and partners spanning engineering and business development, featuring guests from:

â€‹Ape Foundation

â€‹Banana Bill (100MM ApeCoin ecosystem fund)

â€‹Caldera

â€‹LayerZero

â€‹Offchain Labs

â€‹Yuga Labs

â€‹Event Schedule

â€‹February 27

â€‹9:00-10:00AM - Coffee + Networking (POKA LOLA SOCIAL CLUB)

â€‹10:00-11:15AM - Welcome & Building on ApeChain with Ape Foundation & Yuga Labs (WINDSOR ROOM)

â€‹11:30-12:00PM - Exploring the Metalayer with Parker Joe, Caldera (WINDSOR ROOM)

â€‹12:00-2:00PM - Lunch, ApeChain & Yuga Labs Team Office Hours (POKA LOLA SOCIAL CLUB)

â€‹12:15-1:00PM - Where are the dApps? with VonDoom, OxCos, Scarlett Ariana, Jack Fitzpatrick, moderated by Matt Medved, Now Media (WINDSOR ROOM)

â€‹2:00-2:30PM - Introduction to NFT Shadows with OxQuit, Yuga Labs (WINDSOR ROOM)

â€‹2:30-3:00PM - Intersection of AI & Blockchain with Furqan Rydhan, ThirdWeb (WINDSOR ROOM)

â€‹3:00-3:30PM - Fireside Chat with Cooper Midroni, Offchain Labs, Moderated by Spicy Tina, ApeChain (WINDSOR ROOM)

â€‹3:30-5:30PM - Happy Hour + Networking (WINDSOR PATIO)

â€‹February 28

â€‹10:00-11:00AM - Coffee + Networking (POKA LOLA SOCIAL CLUB)

â€‹11:00-12:00PM - ApeChain Builder Challenge Final Presentations (WINDSOR ROOM)

â€‹12:00-1:45PM - Lunch, ApeChain & Yuga Labs Team Office Hours (POKA LOLA SOCIAL CLUB)

â€‹1:45-2:00PM - Builder Challenge Winner Announced & Closing Remarks with Ape Foundation & Yuga Labs (WINDSOR ROOM)","{""agenda"",""office_hours""}","{""apechain"",""builders"",""talks""}",,lu.ma,Brand / Ecosystem House / Lounge
ZK Hub â€“ Day 1 & Day 2,,,"4655 N Humboldt St, Denver, CO 80216, USA","Denver, CO",https://lu.ma/zk-hub_ethdenver,past_event,wallet_verification,,,,,"The upcoming edition of ZK Hub will take place at the ETHDenver Buidl Hub over two days, the 28th February and the 1st of March. This House of ZK event promises to be the largest ZK community gathering of the year, and will explore key industry developments through a combination of presentations, workshops, panels, and debates. The speaking program will be split into individual sessions focused on ZK applications in Ethereum and Bitcoin, the intersection of ZK & AI, and the latest developments in privacy, zkVMs, proving services, hardware acceleration, and proof verification.

A key highlight of the event will be an in-person House of ZK Radio podcast studio, continuing the format introduced at the previous DevCon[7] edition. Previous guests included Uma Roy, Ismael Hishon-Rezaizadeh, Orkun KilicÌ„, and more, all of whom will return to the ETHDenver edition to share their insights.

The main stage speaking program will be livestreamed on the House of ZK X (Twitter) and YouTube channels, following the success of the previous ZK Hub broadcast, which attracted over 50,000 viewers over the two days, and the audience is expected to more than double this time around given the increased scope of this edition. Talks from the last event can still be viewed on the House of ZK YouTube channel: https://www.youtube.com/@HouseofZK.

â€‹As if all of this isn't enough, the ETHDenver Zk Hub will be enriched with various interactive elements, including pool tables and other games for entertainment and relaxation between sessions, as well as curated food and beverage options to suit all appetites. Attendees will also have access to sponsor exhibition booths, with exclusive merchandise available including the second edition of the very popular House of ZK Magazine, which debuted at the previous ZK Hub.


User Uploaded Image
â€‹This event is supported by key sponsors, including Mina Protocol, StarkWare, Aleo, Fermah, Boundless by RISC Zero, GOAT Network, Aztec, ZK Sync, ZKM, Snarkify, BuildOnBob, Veridise, Hashflow, Brevis, Ligero, Malda, ZkCloud, Hyle, zPass, Crunch and Electron. ZK Hub wouldn't be possible without our sponsors and we're incredibly grateful for their involvement.

â€‹For more details about this unique opportunity for networking, education and brand awareness, visit www.zk-hub.io","{""livestream"",""podcast_studio"",""sponsor_booths"",""magazine""}","{""zk"",""ethereum"",""builders"",""talks""}",,lu.ma,Brand / Ecosystem House / Lounge
Chainlink House,,,,,https://lu.ma/ChainlinkHouseDenver,,,,,,,"ğŸ  Chainlink House at ETHDenver
â€‹Step into the Chainlink House - Powered by Soneium & Ink, a vibrant hub for blockchain enthusiasts, developers, and innovators. Join us for 2 days of hands-on workshops, insightful talks from leaders in the Chainlink ecosystem, and opportunities to engage with the brightest minds in the space.

â€‹Cap off each day with a happy hourâ€” with great drinks, better conversations, and endless opportunities to connect with the ETH community and top ecosystem teams.

â€‹â€‹Space is limited. RSVP now to secure your spot.

â€‹ğŸ“†Agenda

February 28 - Presented by Soneium
2:30pm | Doors open and check-in

3:05 PM | CCIP Cross-Chain Token Demo with Token Manager - Solange Gueiros, DevRel Education Manager, Chainlink Labs

4:25 PM | Break

4:35 PM | Panel Discussion: â€œHow Chainlink & Soneium Drive the Ethereum Ecosystem""

â€‹â€‹Moderator: Nicole Jackson Allende, Customer Success Manager, BUILD, Chainlink Labs

â€‹Christian Harrington, Co-Founder, QuantAMM

â€‹â€‹â€‹Corey Caplan, Co-founder, Dolomite

â€‹â€‹NK Yoon, Head of Growth at Startale Group

â€‹Scott Dykstra, Co-founder & CTO, Space and Time

â€‹
5:00 PM | Panel Discussion: ""Unlocking Institutional Business: The Data & Identity Imperative for DeFi""

â€‹Moderator: Colin Cunningham, Head of Tokenized Asset Sales, Chainlink Labs

â€‹Lance Byrd, Consumer vLEI Software Engineer, GLEIF

â€‹Kyle Libra, Product Lead, Paxos

â€‹Tomer Weller, CPO, Stellar

â€‹5:30 PM | Break

â€‹6:00 PM | Panel Discussion: Scaling DeFi's Potential: Tokenization, Accessibility, and Real-World Utility

â€‹Moderator: Colin Cunningham, Head of Tokenized Asset Sales, Chainlink Labs

â€‹Shamus Noonam, Head of Blockchain, Circle

â€‹Chen Fang, CRO, BitGo

â€‹Armand K., Head of DeFi, Ondo Finance

â€‹6:30 - 8:30 PM | Happy Hour

â€‹
March 1 - Presented by Ink
2:30pm | Doors open and check-in

3:00pm | Lightning talks on DeFAI

â€‹The Key Components of On-Chain AI - Jake Salerno, Head of BD, OG Labs

â€‹Data and AI Engine of Web3 - Srushti Shirsat, Senior HR and Operations, bitsCrunch

â€‹DeFi Growth & Incentives strategies via DeFAI Agents - Seby Rubino, Head of Marketing, Compound / AlphaGrowth

â€‹AI and the Future of Web3 - Ed Felten, Co-Founder & Chief Scientist, Offchain Labs / Arbitrum

â€‹
3:45pm | Break

3:55pm | Deep Dive Into AI Agents - Zubin Pratap, DevRel Engineering Manager, Chainlink Labs

â€‹4:45pm | Bring Bitcoin Back Onchain, Alisa Painter, Co-Founder, Botanix

5:05pm | Break

5:10 | DeFi Growth & Incentive Strategies - Kevin Rusher, CEO & Founder, RAAC.io

â€‹5:30pm | Break

â€‹6:10pm | Fireside Chat with Jasmy

â€‹Luke Lim, Head of CCIP GTM, Chainlink Labs

â€‹Hiroshi (HARA) HARADA, CFO, Jasmy Inc

â€‹
6:30 - 8:30pm | Happy Hour hosted by Botanix and Solv

â€‹â€‹â€‹â€‹ğŸŸï¸ Registration
â€‹â€‹â€‹â€‹All attendees must register in advance for this event. Please register using your legal first and last nameâ€”not doing so may result in your registration not being approved. All guests must have their registration approved in order to attend the event.

â€‹â€‹â€‹You will be required to present a government-issued ID at check-in, and it must match the name used to register. There will be no onsite registration.

â€‹â€‹â—ï¸Capacity
â€‹â€‹â€‹Please note that our venue has limited capacity. Entrance to the event will be granted on a first-come, first-serve basis. A ticket to the event will not guarantee entry if the venueâ€™s capacity is reached.

â€‹â€‹ğŸ“¸ Photography
â€‹â€‹â€‹â€‹By attending this event, you agree to be photographed and/or filmed and give permission to use your likeness in promotional and/or marketing materials.

â€‹â€‹â€‹ğŸ½ï¸ Food and Beverages
â€‹â€‹Beer, wine, and appetizers will be available at the Happy Hour event.

â€‹â€‹ğŸ“Œ Organizer and Sponsors
â€‹â€‹About Chainlink

â€‹â€‹Chainlink is the standard for onchain finance, verifiable data, and cross-chain interoperability. Chainlink is unifying liquidity across global markets and has enabled over $18 trillion in transaction value across the blockchain economy. Major financial market infrastructures and institutions, such as Swift, Fidelity International, and ANZ Bank, as well as top DeFi protocols including Aave, GMX, and Lido, use Chainlink to power next-generation applications for banking, asset management, and other major sectors. Learn more by visiting chain.link.

About Soneium

â€‹â€‹Soneium, an Ethereum layer-2 developed by Sony Block Solutions Labs, is a joint venture between Sony Group and Startale. This versatile Superchain is a general-purpose blockchain platform that aims to evoke emotion, empower creativity, and meet diverse needs to go mainstream. Soneium will be simplifying blockchain experiences while empowering developers, creators, and communities. Built on accessibility, scalability, and efficiency, it aims to solve real-world problems across industries globally. Soneium will change the way we interact with the internet, opening up a world of innovative applications and unlimited potential for users worldwide.

â€‹â€‹Website |X |Discord |Telegram

â€‹About Botanix

Botanix Labs is the protocol development team building the Spiderchain, the first fully EVM-equivalent second-layer network on Bitcoin. Botanix Labs was founded with the mission of building technologies to safeguard a decentralized, Bitcoin-native financial system that benefits from the security and liquidity of the worldâ€™s first and largest cryptocurrency.

â€‹About Solv

â€‹Solv Protocol is the on-chain Bitcoin Reserve, bridging TradFi, CeFi, and DeFi to unlock the full potential of over $1 trillion in Bitcoin. Through SolvBTC and SolvBTC.LSTs (Liquid Staking Tokens), Solv enables both retail and institutional investors to generate returns on their Bitcoinâ€”turning it from an idle asset into a yield-generating instrument that seamlessly integrates with the broader financial ecosystem, driving the next era of Bitcoin Finance.Solv Protocol is backed by prominent investors such as Binance Labs, Blockchain Capital, Laser Digital, OKX Ventures and others. Solv Protocol has undergone extensive security audits by leading firms, including Quantstamp, Certik, SlowMist, Salus, and Secbit.Official

â€‹Website: https://solv.finance/
dApp here: https://app.solv.finance/solvbtc

â€‹About Ink

â€‹Ink is a DeFi-focused layer-2 (L2) built on the Optimism Superchain and unleashed by Kraken. Ink is designed to seamlessly connect users and builders shaping the future of DeFi, eliminating friction between centralized and decentralized finance to accelerate onchain adoption.
Both users and developers on Ink can access top-tier bridging, liquid staking, DEX trading, lending applications, and more, built on a foundation of innovating in UX, security, and privacy.",,,,lu.ma,Brand / Ecosystem House / Lounge
DCENTRAL Ã— New Friendship Tech [EthDenver],,,,,https://lu.ma/newfriendshiptech2024,,,,,,,"â€‹Welcome to New Friendship Tech! 

â€‹Join us on Saturday, March 1st to celebrate the intersection of music, art, culture, and technology at our first ever ETHDenver event. 

â€‹Expect to immerse yourself in an exclusive gathering and unite with carefully curated selection of web3 creators, developers, innovators, and thought leaders from globally renowned projects. 

â€‹The afternoon portion of our all day event will feature an exclusive series of diverse and valuable programming brought to you by industry leaders from Web3 and beyond.

â€‹If youâ€™d like to join us for the brunch segment of our event, you can register here: https://lu.ma/lds8ul3j

â€‹And if you want to spend your last night at ETHDenver celebrating proper, we're hosting an evening event you donâ€™t want to miss! Stick around after our daytime programming and join us for an exclusive afters. We're bringing in world class DJs, and top tier production, sound, and visuals. Tickets are moving fast! Grab yours now: https://lu.ma/5ud6np22

â€‹FULL EVENT SCHEDULE

â€‹10:00 AM - 1:00 PM / Brunch & Networking

â€‹2:00 PM - 2:15 PM / Introductions by Eric Spivak

2:15 PM - 2:35 PM  Talk w/ Debbie Soon | Digital Mavericks
A Guide to Web3, NFTS, and Becoming the Main Character of the Next Internet Revolution.

â€‹
2:40 PM - 3:10 PM / Substance Over Hype: Sustainable Building in Web3
Josh Roizen (The GG Company)

â€‹Alex Bowman (Golteum)
Jessica Greenwalt - (Nice Industries)
Last Speaker TBD

3:15 PM - 3:40 PM / Unlocking the Future: Identity, Security, & Compute
Host: Dave Choukroun (WagmiHub)
Lukas Bruell (Nillion)
Wen Loong Lau  (Somnia Blockchain)
Alice Shikova (SpaceID)

3:45 PM - 4:10 PM / The Robots Are Coming & They Want Your Data
Host: Eric Spivak ( NewFriendshipTech )  
Milton Lopez ( NVG8.io )
Ali Husain ( NVG8.io )
Scott Bourk ( Peaq ) 
Stephen Hilton ( Space & Time )
Jean HÃ©relle ( CrunchDAO )

4:20 - 4:40 PM / Sound System Culture : Emerging Tech & Innovation for Live Entertainment 

â€‹Host: Eric Spivak ( NewFriendshipTech )  
Ben Peters ( Hennessy Sound )
Alex Bowman ( Cayde )
Paul Hemmings ( Temple Nightclub / Mirus Gal )

â€‹
5:00 - 7:30 PM Networking Happy Hour
DJ Set : DAZ3 & Special Guests

â€‹8:00 - 1:00 AM / New Friendship Tech [ETHDenver Closing Party]

â€‹This is the ETHDenver afters you don't want to miss! Stick around after our daytime programming for our exclusive after party. Expect world class DJs, and top tier production, sound, and visuals.

â€‹Tickets: https://lu.ma/5ud6np22

â€‹SPONSORS | CO-HOSTS | PARTNERSHIPS

â€‹OUR SPONSORS & PARTNERS:

â€‹Ferrari | Navigate| Genzio | Somnia | Space & Time | Nillion | Space ID | Dot Connector | Joba Network | HSD Sound Systems | River Beats| Golteum | GG | Digital Mavericks | Dot Connector | Vibe Check | Crunch DAO | Sparkle Pony Club | 0x Labs | Urconduit | Ember | InCrypt

â€‹Want to be featured at ETHDenver?

â€‹sponsors - partnerships - panelists - keynote

â€‹demos - exhibitions - interactive experiences

â€‹airdrop - raffle - giveaway inclusion

â€‹press - media - interviews - AMA

â€‹If you're interested in getting involved in our ETHDenver side event, or want to get your project, product, service, or business in front of the masses, please don't hesitate to reach out. 

â€‹Letâ€™s make magic! âœ¨ APPLY : https://t.co/OlmLBItjQi

â€‹ABOUT US

â€‹New Friendship Tech is technology, creating new friendships. Social media used to bring people closer together, now it pushes us further apart and the only way to beat the algorithms is IRL Events. Together, we produce some of the top activations in the emerging tech and innovation space adjacent to leading conferences and summits. Our inclusive atmospheres, well-curated audiences and unique programming results in high value networking opportunities for all attendees.

â€‹New Friendship Tech is presented by Urconduit

â€‹OUR SERIES RANGE FROM: Founder Meet Funder | Michelin-Star Creator Dinners | Product Demos | Exhibitions | Web3 Workshops | Art & Music Showcases | Tech Exhibitions | Networking Mixers | Afterparties | Community Meetups | + MORE

â€‹BRANDS WEâ€™VE WORKED WITH: Sothebyâ€™s | Netflix | OpenSea | Animoca Brands | Binance | MetaMask | Warner Music Group | VaynerMedia | DeviantArt | Twitter | Spatial | Decentraland | Hennessy Cognac | NFT NYC | Samsung | SuperRare | Mona | + MORE

â€‹ARTISTS WEâ€™VE WORKED WITH: Aluna | Illmind | Flosstradamus | Doja Cat | Mike Dean | Terrell Dom | Shepard Fairey | Miguel | Venus X | Ghazi | Blue the Great | Mr. Carmack | The Weeknd | LatashÃ¡ | Jubilee | Wuki | Lady PhÃ¸enix | Gabe Weis | Fvckrender | Jasmine Solano | Sirsu | Kevin Lyman | Paul Oakenfold | The Game | Junkyard | Greg Mike | Stevie Williams | Lefty | Mumbot | Justin Bua | Rush Davis | Leila Steinberg | Goldie | Sabet | Mark de Clive-Lowe | Spottie WiFi | Linafornia | Orbseer | Gianni Lee | Suga Shay | Sattom | Autograf | Logik | Hannah Bronfman | Steph Guerrero | Ladidai | Lenka Shockley | TK the Legend | Zum | Sweet Like Chocolate | Lizzy | Faithlove | Donglee Han | Waheed Ali | + MORE

â€‹âœŒï¸ ERIC â€œMOTIVATEâ€ SPIVAK

â€‹https://www.Eric-Spivak.com/
email | twitter | instagram | telegram

â€‹JOIN OUR ETHDENVER CHAT & STAY IN THE LOOP ON TELEGRAM",,,,lu.ma,Brand / Ecosystem House / Lounge
Supermoon Camp Breck 2025,,,,,https://lu.ma/wx29089b,,,,,,,"Supermoon Camp Breckenridge â€“ Where the Real Connections Happen

â€‹After the madness of ETH Denver, escape to the ultimate founder & investor retreatâ€”a private mountaintop mansion in Breckenridge. This isnâ€™t just a place to stay; itâ€™s where meaningful conversations turn into long-term collaborations.

â€‹Whatâ€™s Included:

â€‹âœ… Private Room for 4 Days â€“ Recharge in luxury with breathtaking views

â€‹ğŸ‰ OG Crypto Party Access â€“ Mingle with top-tier builders, VCs, and industry legends

â€‹ğŸ¤ Curated Connections â€“ Stay, dine, and collaborate with high-level founders, execs, and investors

â€‹ğŸš€ ETH Denver VIP Access â€“ Get full access to all Supermoon events in Denver

â€‹â›·ï¸Easy access to ski lifts

â€‹ğŸ› XXXXL Hot Tub to chill and have some real conversations

â€‹

â€‹Leave the conference chaos behind and join a community of innovators where deals get done and partnerships are built.",,,,lu.ma,"Brand / Ecosystem House / Lounge, Mountain / Retreat / Outdoor Activity"
